{"cameraMode":{"drawMode":0,"name":"Shaded","section":"Shading Mode"},"sceneLighting":false,"audioPlay":false,"sceneViewState":{"m_AlwaysRefresh":false,"showFog":true,"showSkybox":false,"showFlares":true,"showImageEffects":true,"showParticleSystems":true,"showVisualEffectGraphs":true,"m_FxEnabled":true},"in2DMode":false,"pivot":{"x":0.27974367141723635,"y":0.17657899856567384,"z":-0.5529012680053711},"rotation":{"x":0.12523068487644196,"y":0.6987548470497131,"z":-0.12628550827503205,"w":0.692913293838501},"size":9.112645149230957,"orthographic":true}