{"cameraMode":{"drawMode":0,"name":"Shaded","section":"Shading Mode"},"sceneLighting":true,"audioPlay":false,"sceneViewState":{"m_AlwaysRefresh":false,"showFog":true,"showSkybox":true,"showFlares":true,"showImageEffects":true,"showParticleSystems":true,"showVisualEffectGraphs":true,"m_FxEnabled":true},"in2DMode":false,"pivot":{"x":91.46212768554688,"y":-7.365852355957031,"z":135.25559997558595},"rotation":{"x":0.28506195545196535,"y":0.3180544078350067,"z":-0.10090167075395584,"w":0.8985617756843567},"size":117.73729705810547,"orthographic":true}