{"cameraMode":{"drawMode":0,"name":"Shaded","section":"Shading Mode"},"sceneLighting":true,"audioPlay":false,"sceneViewState":{"m_AlwaysRefresh":false,"showFog":true,"showSkybox":true,"showFlares":true,"showImageEffects":true,"showParticleSystems":true,"showVisualEffectGraphs":true,"m_FxEnabled":true},"in2DMode":false,"pivot":{"x":53.970523834228519,"y":-21.83041000366211,"z":117.74056243896485},"rotation":{"x":0.25226566195487978,"y":0.41296476125717165,"z":-0.1201823502779007,"w":0.8668270111083984},"size":128.35507202148438,"orthographic":false}